Type,Name,Request Count,Failure Count,Median Response Time,Average Response Time,Min Response Time,Max Response Time,Average Content Size,Requests/s,Failures/s,50%,66%,75%,80%,90%,95%,98%,99%,99.9%,99.99%,100%
POST,/allocate (large),406,369,15,173.2432420624723,3.2759401947259903,20023.76447804272,26.84975369458128,0.08366020040144728,0.07603599494614297,15,15,15,16,310,760,940,5000,20000,20000,20000
POST,/allocate (small),747,650,15,78.82096057002204,3.2552708871662617,5444.392814300954,26.265060240963855,0.153926526354387,0.1339387444850757,15,15,16,16,170,220,260,870,5400,5400,5400
GET,/metrics,1194,1026,14,55.93965402016513,3.054324071854353,10141.233605798334,25.80569514237856,0.24603517063873903,0.2114171566795195,14,15,15,15,120,120,120,130,5000,10000,10000
,Aggregated,2347,2045,14,83.51425680581482,3.054324071854353,20023.76447804272,26.132509586706433,0.4836218973945733,0.42139189611073813,14,15,15,16,120,200,360,910,5400,20000,20000
