instance,cpu
1,30.445152528900923
2,28.66911856027292
3,25.88357381248081
