instance,cpu
1,31.445674234657428
2,33.66550455029214
3,31.655081152946003
