instance,cpu
1,12.192702607184032
2,13.150312263261421
3,15.462959665986748
