instance,cpu
1,34.20351757393297
2,33.35037818880821
3,32.551376222082844
