instance,cpu
1,29.916664124168236
2,31.421041135877704
3,27.46928363451123
