instance,cpu
1,35.2895236460009
2,40.63485208603326
3,30.031545582897706
