instance,cpu
1,32.02630615622614
2,28.45495017289294
3,34.32040092354859
