instance,cpu
1,16.411773347518526
2,13.313090901380576
3,15.481160560450048
