comparison,active_replicas_reduction,p90_latency_change,p99_latency_change
CILB vs RR,20.673526660430312,-8.87822656681294,-8.88092282498618
CILB vs LC,20.45028142589118,-5.184329871485937,-5.184329871485937
