Replica,Percentage
Replica_0,20.012146978439112
Replica_1,20.012146978439112
Replica_2,20.012146978439112
Replica_3,19.981779532341328
Replica_4,19.981779532341328
