Replica,Percentage
Replica_0,19.921044640145762
Replica_1,20.042514424536897
Replica_2,19.981779532341328
Replica_3,20.072881870634678
Replica_4,19.981779532341328
