Replica,Percentage
Replica_0,19.860309747950197
Replica_1,20.072881870634678
Replica_2,19.951412086243547
Replica_3,20.133616762830243
Replica_4,19.981779532341328
