Strategy,Pattern,Avg_Active_Replicas,CPU_Hours,Avg_Latency,P95_Latency,P99_Latency,Route_Changes
rr,ramp_up,4.98,16.991420485065568,381.5008631704811,434.6343848588378,448.5373104544992,3404
lc,ramp_up,4.98,16.991420485065568,381.555698461997,434.12325004273373,449.9209923952704,3404
cilb,ramp_up,4.02,16.99142048506557,381.55230666920454,434.1230202024532,449.920771490113,2802
