Replica,Percentage
Replica_0,19.911894273127754
Replica_1,20.11747430249633
Replica_2,20.0
Replica_3,19.882525697503674
Replica_4,20.088105726872246
