Replica,Percentage
Replica_0,20.176211453744493
Replica_1,20.088105726872246
Replica_2,20.0
Replica_3,19.911894273127754
Replica_4,19.823788546255507
