Strategy,Pattern,Avg_Active_Replicas,CPU_Hours,Avg_Latency,P95_Latency,P99_Latency,Route_Changes
rr,stable,5.0,14.644624991291957,313.2901641972678,365.41222032432563,377.46177595061164,2932
lc,stable,5.0,14.644624991291955,313.30616951232815,365.457015235592,376.27188556196717,2932
cilb,stable,4.6,14.644624991291957,313.30857152737997,365.45653726286673,376.2714088024906,2330
