Replica,Percentage
Replica_0,20.047732696897373
Replica_1,19.945448346403
Replica_2,20.115922263893623
Replica_3,20.013637913399247
Replica_4,19.877258779406752
