RPS,P95_Latency,P99_Latency,Avg_Latency,Total_CPU
30,184.52648482406494,191.53644214875382,153.61713391919034,843.1546283669111
27,139.40203772999013,145.7422442100415,111.18421694657268,725.9973832259731
29,115.53006140066998,120.5191973718734,90.6544947443189,639.2530294627207
28,132.72831631049718,139.96325763031672,104.8176452554548,702.314989997677
32,141.77684059176931,147.90940721853258,114.74428463447585,723.8873235038533
31,163.24181734546877,171.4374050252357,128.04182676947323,842.741170232813
