Replica,Percentage
Replica_0,20.15001704739175
Replica_1,20.013637913399247
Replica_2,19.979543129901124
Replica_3,19.809069212410503
Replica_4,20.047732696897373
