RPS,P95_Latency,P99_Latency,Avg_Latency,Total_CPU
30,184.68838142996205,191.7364846872368,153.60917163835575,843.1546283669112
27,139.41235529692761,145.9071921244148,111.18678928076199,725.9973832259731
29,115.53017943516151,120.7525629640395,90.66009377289103,639.2530294627209
28,132.75208363764187,139.83487682193368,104.81528786968309,702.314989997677
32,141.81999347248382,147.91749118510864,114.74801256673157,723.8873235038533
31,163.14723903030776,171.53229155774912,128.05636423812592,842.7411702328134
