Replica,Percentage
Replica_0,20.013637913399247
Replica_1,20.013637913399247
Replica_2,20.013637913399247
Replica_3,19.979543129901124
Replica_4,19.979543129901124
