Type,Name,Request Count,Failure Count,Median Response Time,Average Response Time,Min Response Time,Max Response Time,Average Content Size,Requests/s,Failures/s,50%,66%,75%,80%,90%,95%,98%,99%,99.9%,99.99%,100%
GET,CPU测试-强度100000,6982,720,140.0,624.9551245453441,13.830292969942093,20349.65458093211,144.3090804926955,3.8766995745283697,0.39977423283592467,140,220,340,590,2000,3100,4600,6200,14000,20000,20000
GET,CPU测试-强度150000,5274,691,210.0,838.0260768753169,26.78015176206827,23463.225440122187,143.87390974592338,2.9283462555231483,0.3836722151244777,210,350,730,1200,2400,3500,5700,8500,17000,23000,23000
GET,CPU测试-强度200000,3521,712,360.0,1174.7042079511962,14.492821879684925,22331.558206118643,143.722238000568,1.9550070469656815,0.3953322969155255,360,910,1600,2000,3100,4400,7100,9100,15000,22000,22000
GET,CPU测试-强度250000,1848,724,1400.0,2171.177115851511,19.676668103784323,23704.645440913737,142.86147186147187,1.0260871976122066,0.4019952007961243,1400,2200,2800,3100,4500,7100,11000,13000,23000,24000,24000
GET,CPU测试-强度300000,814,403,1900.0,2639.040249095502,41.89788270741701,22675.51844799891,142.85995085995086,0.45196697990061485,0.22376252199010785,1900,2900,3400,3900,5400,8100,11000,12000,23000,23000,23000
GET,CPU测试-强度50000,8768,628,85,483.83855995976825,27.69209910184145,23490.048523060977,144.4591697080292,4.868361768757483,0.3486919697513343,85,150,220,310,1400,2600,4300,6100,15000,23000,23000
GET,高强度CPU测试,81452,765,230.0,907.1711348819354,19.390134140849113,24262.603076640517,143.77960025536512,45.225570573544076,0.42476012238816996,230,390,790,1300,2600,3800,6200,9000,18000,23000,24000
,Aggregated,108659,4643,220.0,894.6615887335644,13.830292969942093,24262.603076640517,143.84867337266127,60.33203939683158,2.577988559801664,220,380,790,1300,2600,3800,6200,9000,18000,23000,24000
