comparison,active_replicas_reduction,p95_latency_change,p99_latency_change
CILB vs RR,13.577981651376156,95.62565469099464,95.6191190561705
CILB vs LC,7.008884501480751,882.6087644685534,881.8066180458643
