comparison,active_replicas_reduction,p95_latency_change,p99_latency_change
CILB vs RR,11.034482758620689,58.421377957613,58.421377957613
CILB vs LC,9.473684210526319,118.06376334855429,118.06376334855429
