comparison,active_replicas_reduction,p95_latency_change,p99_latency_change
CILB vs RR,16.556291390728482,239.6924722724111,239.68390614530227
CILB vs LC,12.326043737574551,1293.9018745438154,1293.1037682625065
