strategy,active_replicas,p95_latency,p99_latency
CILB,7.35,1087.3243256871335,1087.3243256871335
Least-CPU,8.383333333333333,78.00580123640223,78.05049059936545
Round-Robin,8.808333333333334,320.0907922431589,320.0988642723693
