strategy,active_replicas,p95_latency,p99_latency
CILB,8.6,16718.480867807422,16718.480867807422
Least-CPU,9.5,7666.7854443493725,7666.7854443493725
Round-Robin,9.666666666666666,10553.172231768238,10553.172231768238
