strategy,active_replicas,p95_latency,p99_latency
CILB,7.85,747.3463002215004,747.3463002215004
Least-CPU,8.441666666666666,76.05736151007208,76.11950118129971
Round-Robin,9.083333333333334,382.02877909954594,382.04154268116594
