Metric,Baseline,Decoupled,Reduction_Percentage
Scaling Events,25.0,6.0,76.0
p95 Latency (avg),104.68755828783624,99.96955130205511,4.506750432376185
p99 Latency (avg),105.72781487828563,101.00314424888202,4.468711128516813
